ts_iso,temp_c,humidity
PT0h20m12s,17.70,65.00
PT0h20m15s,17.70,65.10
PT0h20m18s,17.70,65.00
PT0h20m21s,17.70,65.00
PT0h20m24s,17.70,65.10
PT0h20m27s,17.70,65.00
PT0h20m30s,17.70,65.00
PT0h20m33s,17.70,65.00
PT0h20m36s,17.70,65.00
PT0h20m39s,17.70,65.00
PT0h20m42s,17.70,65.10
PT0h20m45s,17.70,65.20
PT0h20m48s,17.70,65.30
PT0h20m51s,17.70,65.30
PT0h20m54s,17.70,65.20
PT0h20m57s,17.70,65.20
PT0h21m0s,17.70,65.10
PT0h21m3s,17.70,65.10
PT0h21m6s,17.70,65.10
PT0h21m9s,17.70,65.00
PT0h21m12s,17.70,65.00
PT0h21m15s,17.70,65.00
PT0h21m18s,17.70,64.90
PT0h21m21s,17.70,64.90
PT0h21m24s,17.70,64.90
PT0h21m27s,17.80,64.90
PT0h21m30s,17.70,64.90
PT0h21m33s,17.80,64.90
PT0h21m36s,17.70,64.90
PT0h21m39s,17.70,64.90
PT0h21m42s,17.80,64.90
PT0h21m45s,17.70,64.90
PT0h21m48s,17.80,64.90
PT0h21m51s,17.80,64.80
PT0h21m54s,17.80,64.80
PT0h21m57s,17.80,64.80
PT0h22m0s,17.80,64.80
PT0h22m3s,17.80,64.80
PT0h22m6s,17.80,64.90
PT0h22m9s,17.80,64.90
PT0h22m12s,17.80,64.80
PT0h22m15s,17.80,64.90
PT0h22m18s,17.80,64.90
PT0h22m21s,17.80,64.80
PT0h22m24s,17.80,64.80
PT0h22m27s,17.80,64.80
PT0h22m30s,17.80,64.90
PT0h22m33s,17.80,64.90
PT0h22m36s,17.80,64.90
PT0h22m39s,17.80,64.90
PT0h22m42s,17.80,64.90
PT0h22m45s,17.80,64.80
PT0h22m48s,17.80,64.80
PT0h22m51s,17.80,64.90
PT0h22m54s,17.80,64.90
PT0h22m57s,17.80,64.80
PT0h23m0s,17.80,64.90
PT0h23m3s,17.80,64.90
PT0h23m6s,17.80,64.90
PT0h23m9s,17.80,64.90
PT0h23m12s,17.80,64.90
PT0h23m15s,17.80,64.90
PT0h23m18s,17.80,64.90
PT0h23m21s,17.80,64.90
PT0h23m24s,17.80,64.90
PT0h23m27s,17.80,64.90
PT0h23m30s,17.80,64.90
PT0h23m33s,17.80,64.90
PT0h23m36s,17.80,64.90
PT0h23m39s,17.80,64.90
PT0h23m42s,17.80,64.90
PT0h23m45s,17.80,64.90
PT0h23m48s,17.80,64.90
PT0h23m51s,17.80,64.90
PT0h23m54s,17.80,64.90
PT0h23m57s,17.80,65.00
PT0h24m0s,17.80,64.90
PT0h24m3s,17.80,64.90
PT0h24m6s,17.80,64.90
PT0h24m9s,17.80,64.90
PT0h24m12s,17.80,64.90
PT0h24m15s,17.80,64.90
PT0h24m18s,17.80,64.90
PT0h24m21s,17.80,64.90
PT0h24m24s,17.80,64.90
PT0h24m27s,17.80,64.90
PT0h24m30s,17.80,64.90
PT0h24m33s,17.80,64.90
PT0h24m36s,17.80,64.90
PT0h24m39s,17.80,64.90
PT0h24m42s,17.80,64.90
PT0h24m45s,17.80,64.90
PT0h24m48s,17.80,64.90
PT0h24m51s,17.80,64.90
PT0h24m54s,17.80,64.90
PT0h24m57s,17.80,64.90
PT0h25m0s,17.80,64.90
PT0h25m3s,17.80,65.10
PT0h25m6s,17.80,65.10
PT0h25m9s,17.80,65.10
PT0h25m12s,17.80,65.10
PT0h25m15s,17.80,65.00
PT0h25m18s,17.80,65.00
PT0h25m21s,17.80,65.00
PT0h25m24s,17.80,65.00
PT0h25m27s,17.80,65.00
PT0h25m30s,17.80,65.00
PT0h25m33s,17.80,65.00
PT0h25m36s,17.80,65.00
PT0h25m39s,17.80,65.00
PT0h25m42s,17.70,65.00
PT0h25m45s,17.70,65.00
PT0h25m48s,17.80,65.00
PT0h25m51s,17.70,65.00
PT0h25m54s,17.80,65.00
PT0h25m57s,17.70,65.00
PT0h26m0s,17.80,65.00
PT0h26m3s,17.70,65.00
PT0h26m6s,17.70,65.00
PT0h26m9s,17.70,65.00
PT0h26m12s,17.70,65.00
PT0h26m15s,17.70,65.00
PT0h26m18s,17.70,65.00
PT0h26m21s,17.70,65.00
PT0h26m24s,17.70,65.00
PT0h26m27s,17.70,65.00
PT0h26m30s,17.70,65.10
PT0h26m33s,17.70,65.00
PT0h26m36s,17.70,65.10
PT0h26m39s,17.70,65.10
PT0h26m42s,17.70,65.10
PT0h26m45s,17.70,65.10
PT0h26m48s,17.70,65.10
PT0h26m51s,17.70,65.10
PT0h26m54s,17.70,65.10
PT0h26m57s,17.70,65.00
PT0h27m0s,17.70,65.10
PT0h27m3s,17.70,65.10
PT0h27m6s,17.70,65.10
PT0h27m9s,17.70,65.10
PT0h27m12s,17.70,65.10
PT0h27m15s,17.70,65.10
PT0h27m18s,17.70,65.10
PT0h27m21s,17.70,65.10
PT0h27m24s,17.70,65.10
PT0h27m27s,17.70,65.10
PT0h27m30s,17.70,65.10
PT0h27m33s,17.70,65.10
PT0h27m36s,17.70,65.10
PT0h27m39s,17.70,65.10
PT0h27m42s,17.70,65.10
PT0h27m45s,17.70,65.10
PT0h27m48s,17.70,65.10
PT0h27m51s,17.70,65.10
PT0h27m54s,17.70,65.10
PT0h27m57s,17.70,65.10
PT0h28m0s,17.70,65.10
PT0h28m3s,17.70,65.10
PT0h28m6s,17.70,65.10
PT0h28m9s,17.70,65.10
PT0h28m12s,17.70,65.10
PT0h28m15s,17.70,65.10
PT0h28m18s,17.80,65.10
PT0h28m21s,17.70,65.10
PT0h28m24s,17.70,65.10
PT0h28m27s,17.70,65.10
PT0h28m30s,17.70,65.10
PT0h28m33s,17.70,65.10
PT0h28m36s,17.70,65.10
PT0h28m39s,17.70,65.10
PT0h28m42s,17.80,65.10
PT0h28m45s,17.80,65.10
PT0h28m48s,17.80,65.10
PT0h28m51s,17.80,65.10
PT0h28m54s,17.70,65.10
PT0h28m57s,17.80,65.20
PT0h29m0s,17.80,65.20
PT0h29m3s,17.70,65.20
PT0h29m6s,17.80,65.20
PT0h29m9s,17.70,65.20
PT0h29m12s,17.70,65.20
PT0h29m15s,17.80,65.20
PT0h29m18s,17.70,65.10
PT0h29m21s,17.80,65.20
PT0h29m24s,17.70,65.20
PT0h29m27s,17.70,65.20
PT0h29m30s,17.70,65.20
PT0h29m33s,17.80,65.20
PT0h29m36s,17.70,65.30
PT0h29m39s,17.70,65.30
PT0h29m42s,17.70,65.20
PT0h29m45s,17.80,65.20
PT0h29m48s,17.80,65.30
PT0h29m51s,17.80,65.30
PT0h29m54s,17.70,65.30
PT0h29m57s,17.70,65.40
PT0h30m0s,17.70,65.30
PT0h30m3s,17.80,65.30
PT0h30m6s,17.70,65.40
PT0h30m9s,17.70,65.40
PT0h30m12s,17.70,65.40
PT0h30m15s,17.70,65.30
PT0h30m18s,17.70,65.40
PT0h30m21s,17.70,65.40
PT0h30m24s,17.70,65.40
PT0h30m27s,17.70,65.40
PT0h30m30s,17.70,65.40
PT0h30m33s,17.70,65.40
PT0h30m36s,17.70,65.40
PT0h30m39s,17.70,65.40
PT0h30m42s,17.70,65.40
PT0h30m45s,17.70,65.40
PT0h30m48s,17.70,65.40
PT0h30m51s,17.70,65.40
PT0h30m54s,17.70,65.40
PT0h30m57s,17.70,65.40
PT0h31m0s,17.70,65.40
PT0h31m3s,17.70,65.40
PT0h31m6s,17.70,65.40
PT0h31m9s,17.70,65.40
PT0h31m12s,17.70,65.40
PT0h31m15s,17.70,65.40
PT0h31m18s,17.70,65.50
PT0h31m21s,17.70,65.40
PT0h31m24s,17.70,65.50
PT0h31m27s,17.70,65.50
PT0h31m30s,17.70,65.50
PT0h31m33s,17.70,65.50
PT0h31m36s,17.70,65.50
PT0h31m39s,17.70,65.50
PT0h31m42s,17.70,65.60
PT0h31m45s,17.70,65.50
PT0h31m48s,17.70,65.50
PT0h31m51s,17.70,65.60
PT0h31m54s,17.70,65.60
PT0h31m57s,17.70,65.60
PT0h32m0s,17.70,65.60
PT0h32m3s,17.70,65.60
PT0h32m6s,17.70,65.60
PT0h32m9s,17.70,65.60
PT0h32m12s,17.80,65.60
PT0h32m15s,17.80,65.60
PT0h32m18s,17.80,65.60
PT0h32m21s,17.80,65.60
PT0h32m24s,17.70,65.70
PT0h32m27s,17.80,65.60
PT0h32m30s,17.80,65.70
PT0h32m33s,17.80,65.70
PT0h32m36s,17.80,65.70
PT0h32m39s,17.70,65.70
PT0h32m42s,17.80,65.60
PT0h32m45s,17.80,65.70
PT0h32m48s,17.80,65.70
PT0h32m51s,17.80,65.60
PT0h32m54s,17.80,65.60
PT0h32m57s,17.80,65.60
PT0h33m0s,17.80,65.60
PT0h33m3s,17.80,65.70
PT0h33m6s,17.80,65.70
PT0h33m9s,17.80,65.60
PT0h33m12s,17.80,65.60
PT0h33m15s,17.80,65.60
PT0h33m18s,17.80,65.60
PT0h33m21s,17.80,65.60
PT0h33m24s,17.80,65.60
PT0h33m27s,17.80,65.50
PT0h33m30s,17.80,65.60
PT0h33m33s,17.80,65.60
PT0h33m36s,17.80,65.50
PT0h33m39s,17.80,65.50
PT0h33m42s,17.80,65.50
PT0h33m45s,17.80,65.60
PT0h33m48s,17.80,65.60
PT0h33m51s,17.80,65.60
PT0h33m54s,17.80,65.50
PT0h33m57s,17.80,65.50
PT0h34m0s,17.80,65.50
PT0h34m3s,17.80,65.50
PT0h34m6s,17.80,65.50
PT0h34m9s,17.80,65.60
PT0h34m12s,17.80,65.50
PT0h34m15s,17.80,65.50
PT0h34m18s,17.80,65.50
PT0h34m21s,17.80,65.50
PT0h34m24s,17.80,65.50
PT0h34m27s,17.80,65.50
PT0h34m30s,17.80,65.50
PT0h34m33s,17.80,65.50
PT0h34m36s,17.80,65.50
PT0h34m39s,17.80,65.40
PT0h34m42s,17.80,65.50
PT0h34m45s,17.80,65.50
PT0h34m48s,17.80,65.50
PT0h34m51s,17.80,65.50
PT0h34m54s,17.80,65.50
PT0h34m57s,17.80,65.50
PT0h35m0s,17.80,65.40
PT0h35m3s,17.80,65.40
PT0h35m6s,17.80,65.40
PT0h35m9s,17.80,65.40
PT0h35m12s,17.80,65.40
PT0h35m15s,17.80,65.40
PT0h35m18s,17.80,65.40
PT0h35m21s,17.80,65.40
PT0h35m24s,17.80,65.40
PT0h35m27s,17.80,65.40
PT0h35m30s,17.80,65.40
PT0h35m33s,17.80,65.40
PT0h35m36s,17.80,65.40
PT0h35m39s,17.80,65.40
PT0h35m42s,17.80,65.40
PT0h35m45s,17.80,65.40
PT0h35m48s,17.80,65.40
PT0h35m51s,17.80,65.40
PT0h35m54s,17.80,65.40
PT0h35m57s,17.80,65.40
PT0h36m0s,17.80,65.40
PT0h36m3s,17.80,65.50
PT0h36m6s,17.80,65.40
PT0h36m9s,17.80,65.50
PT0h36m12s,17.80,65.40
PT0h36m15s,17.80,65.50
PT0h36m18s,17.80,65.50
PT0h36m21s,17.80,65.50
PT0h36m24s,17.80,65.50
PT0h36m27s,17.80,65.40
PT0h36m30s,17.80,65.40
PT0h36m33s,17.80,65.40
PT0h36m36s,17.80,65.40
PT0h36m39s,17.80,65.40
PT0h36m42s,17.80,65.50
PT0h36m45s,17.80,65.80
PT0h36m48s,17.80,65.90
PT0h36m51s,17.80,65.90
PT0h36m54s,17.80,65.80
PT0h36m57s,17.80,65.70
PT0h37m0s,17.80,65.60
PT0h37m3s,17.80,65.50
PT0h37m6s,17.80,65.50
PT0h37m9s,17.80,65.40
PT0h37m12s,17.80,65.50
PT0h37m15s,17.80,65.40
PT0h37m18s,17.80,65.40
PT0h37m21s,17.80,65.30
PT0h37m24s,17.80,65.30
PT0h37m27s,17.80,65.30
PT0h37m30s,17.80,65.30
PT0h37m33s,17.80,65.30
PT0h37m36s,17.80,65.30
PT0h37m39s,17.80,65.30
PT0h37m42s,17.80,65.30
PT0h37m45s,17.80,65.30
PT0h37m48s,17.80,65.30
PT0h37m51s,17.80,65.40
PT0h37m54s,17.80,65.30
PT0h37m57s,17.80,65.30
PT0h38m0s,17.80,65.30
PT0h38m3s,17.80,65.30
PT0h38m6s,17.80,65.30
PT0h38m9s,17.80,65.30
PT0h38m12s,17.80,65.30
PT0h38m15s,17.80,65.20
PT0h38m18s,17.80,65.30
PT0h38m21s,17.80,65.20
PT0h38m24s,17.80,65.20
PT0h38m27s,17.80,65.20
PT0h38m30s,17.80,65.20
PT0h38m33s,17.80,65.20
PT0h38m36s,17.80,65.20
PT0h38m39s,17.80,65.20
PT0h38m42s,17.80,65.20
PT0h38m45s,17.80,65.20
PT0h38m48s,17.80,65.20
PT0h38m51s,17.80,65.10
PT0h38m54s,17.90,65.20
PT0h38m57s,17.80,65.30
PT0h39m0s,17.80,65.40
PT0h39m3s,17.80,65.40
PT0h39m6s,17.80,65.30
PT0h39m9s,17.80,65.30
PT0h39m12s,17.80,65.30
PT0h39m15s,17.90,65.30
PT0h39m18s,17.90,65.20
PT0h39m21s,17.90,65.20
PT0h39m24s,17.80,65.20
PT0h39m27s,17.90,65.20
PT0h39m30s,17.90,65.20
PT0h39m33s,17.90,65.20
PT0h39m36s,17.90,65.20
PT0h39m39s,17.80,65.20
PT0h39m42s,17.80,65.20
PT0h39m45s,17.90,65.20
PT0h39m48s,17.90,65.20
PT0h39m51s,17.90,65.20
PT0h39m54s,17.90,65.20
PT0h39m57s,17.90,65.20
PT0h40m0s,17.90,65.20
PT0h40m3s,17.90,65.20
PT0h40m6s,17.90,65.20
PT0h40m9s,17.90,65.20
PT0h40m12s,17.90,65.20
PT0h40m15s,17.90,65.20
PT0h40m18s,17.90,65.20
PT0h40m21s,17.90,65.20
PT0h40m24s,17.90,65.20
PT0h40m27s,17.90,65.20
PT0h40m30s,17.90,65.20
PT0h40m33s,17.90,65.20
PT0h40m36s,17.90,65.30
PT0h40m39s,17.90,65.20
PT0h40m42s,17.90,65.20
PT0h40m45s,17.90,65.20
PT0h40m48s,17.90,65.20
PT0h40m51s,17.90,65.20
PT0h40m54s,17.90,65.20
PT0h40m57s,17.90,65.20
PT0h41m0s,17.90,65.20
PT0h41m3s,17.90,65.20
PT0h41m6s,17.90,65.20
PT0h41m9s,17.90,65.20
PT0h41m12s,17.90,65.20
PT0h41m15s,17.90,65.20
PT0h41m18s,17.90,65.20
PT0h41m21s,17.90,65.20
PT0h41m24s,17.90,65.20
PT0h41m27s,17.90,65.20
PT0h41m30s,17.90,65.20
PT0h41m33s,17.90,65.20
PT0h41m36s,17.90,65.20
PT0h41m39s,17.90,65.20
PT0h41m42s,17.90,65.20
PT0h41m45s,17.90,65.20
PT0h41m48s,17.90,65.20
PT0h41m51s,17.90,65.20
PT0h41m54s,17.90,65.20
PT0h41m57s,17.90,65.30
PT0h42m0s,17.90,65.20
PT0h42m3s,17.90,65.20
PT0h42m6s,17.90,65.30
PT0h42m9s,17.90,65.30
PT0h42m12s,17.90,65.30
PT0h42m15s,17.90,65.20
PT0h42m18s,17.80,65.30
PT0h42m21s,17.90,65.30
PT0h42m24s,17.90,65.30
PT0h42m27s,17.90,65.30
PT0h42m30s,17.90,65.20
PT0h42m33s,17.80,65.30
PT0h42m36s,17.90,65.30
PT0h42m39s,17.90,65.20
PT0h42m42s,17.80,65.30
PT0h42m45s,17.90,65.30
PT0h42m48s,17.90,65.30
PT0h42m51s,17.90,65.30
PT0h42m54s,17.90,65.30
PT0h42m57s,17.90,65.30
PT0h43m0s,17.90,65.30
PT0h43m3s,17.90,65.30
PT0h43m6s,17.90,65.30
PT0h43m9s,17.80,65.30
PT0h43m12s,17.90,65.30
PT0h43m15s,17.90,65.30
PT0h43m18s,17.90,65.30
PT0h43m21s,17.80,65.30
PT0h43m24s,17.90,65.30
PT0h43m27s,17.90,65.30
PT0h43m30s,17.90,65.30
PT0h43m33s,17.90,65.30
PT0h43m36s,17.90,65.40
PT0h43m39s,17.90,65.30
PT0h43m42s,17.90,65.30
PT0h43m45s,17.80,65.30
PT0h43m48s,17.90,65.30
PT0h43m51s,17.90,65.30
PT0h43m54s,17.90,65.40
PT0h43m57s,17.90,65.30
PT0h44m0s,17.90,65.30
PT0h44m3s,17.90,65.30
PT0h44m6s,17.90,65.30
PT0h44m9s,17.90,65.30
PT0h44m12s,17.90,65.30
PT0h44m15s,17.90,65.30
PT0h44m18s,17.90,65.30
PT0h44m21s,17.90,65.20
PT0h44m24s,17.90,65.20
PT0h44m27s,17.90,65.20
PT0h44m30s,17.90,65.20
PT0h44m33s,17.90,65.20
PT0h44m36s,17.90,65.20
PT0h44m39s,17.90,65.20
PT0h44m42s,17.90,65.20
PT0h44m45s,17.90,65.20
PT0h44m48s,17.90,65.20
PT0h44m51s,17.90,65.20
PT0h44m54s,17.90,65.20
PT0h44m57s,17.90,65.20
PT0h45m0s,17.90,65.20
PT0h45m3s,17.90,65.10
PT0h45m6s,17.90,65.10
PT0h45m9s,17.90,65.10
PT0h45m12s,17.90,65.10
PT0h45m15s,17.90,65.10
PT0h45m18s,17.90,65.10
PT0h45m21s,17.90,65.10
PT0h45m24s,17.90,65.10
PT0h45m27s,17.90,65.10
PT0h45m30s,17.90,65.10
PT0h45m33s,17.90,65.10
PT0h45m36s,17.90,65.10
PT0h45m39s,17.90,65.10
PT0h45m42s,17.90,65.10
PT0h45m45s,17.90,65.10
PT0h45m48s,17.90,65.20
PT0h45m51s,17.90,65.10
PT0h45m54s,17.90,65.20
PT0h45m57s,17.90,65.10
PT0h46m0s,17.90,65.10
PT0h46m3s,17.90,65.10
PT0h46m6s,17.90,65.10
PT0h46m9s,17.90,65.10
PT0h46m12s,17.90,65.10
PT0h46m15s,17.90,65.10
PT0h46m18s,17.90,65.10
PT0h46m21s,17.90,65.10
PT0h46m24s,17.90,65.10
PT0h46m27s,17.90,65.20
PT0h46m30s,17.90,65.10
PT0h46m33s,17.90,65.10
PT0h46m36s,17.90,65.20
PT0h46m39s,17.90,65.10
PT0h46m42s,17.90,65.20
PT0h46m45s,17.90,65.10
PT0h46m48s,17.90,65.20
PT0h46m51s,17.90,65.20
PT0h46m54s,17.90,65.10
PT0h46m57s,17.90,65.20
PT0h47m0s,17.90,65.20
PT0h47m3s,17.90,65.20
PT0h47m6s,17.90,65.10
PT0h47m9s,17.90,65.20
PT0h47m12s,17.90,65.20
PT0h47m15s,17.90,65.20
PT0h47m18s,17.90,65.20
PT0h47m21s,17.90,65.20
PT0h47m24s,17.90,65.20
PT0h47m27s,17.90,65.20
PT0h47m30s,17.90,65.20
PT0h47m33s,17.90,65.20
PT0h47m36s,17.90,65.20
PT0h47m39s,17.90,65.20
PT0h47m42s,17.90,65.20
PT0h47m45s,17.90,65.20
PT0h47m48s,17.90,65.20
PT0h47m51s,17.90,65.20
PT0h47m54s,17.90,65.20
PT0h47m57s,17.90,65.30
PT0h48m0s,17.90,65.30
PT0h48m3s,17.90,65.30
PT0h48m6s,17.90,65.40
PT0h48m9s,17.90,65.40
PT0h48m12s,17.90,65.40
PT0h48m15s,17.90,65.30
PT0h48m18s,17.90,65.30
PT0h48m21s,17.90,65.30
PT0h48m24s,17.90,65.20
PT0h48m27s,17.90,65.20
PT0h48m30s,17.90,65.20
PT0h48m33s,17.90,65.20
PT0h48m36s,17.90,65.20
PT0h48m39s,17.90,65.20
PT0h48m42s,17.90,65.20
PT0h48m45s,17.90,65.20
PT0h48m48s,17.90,65.10
PT0h48m51s,17.90,65.10
PT0h48m54s,17.90,65.10
PT0h48m57s,17.90,65.10
PT0h49m0s,17.90,65.20
PT0h49m3s,17.90,65.20
PT0h49m6s,17.90,65.10
PT0h49m9s,17.90,65.20
PT0h49m12s,17.90,65.10
PT0h49m15s,17.90,65.10
PT0h49m18s,17.90,65.10
PT0h49m21s,17.90,65.10
PT0h49m24s,17.90,65.10
PT0h49m27s,17.90,65.10
PT0h49m30s,17.90,65.10
PT0h49m33s,17.90,65.10
PT0h49m36s,17.90,65.10
PT0h49m39s,17.90,65.10
PT0h49m42s,17.90,65.10
PT0h49m45s,17.90,65.10
PT0h49m48s,17.90,65.10
PT0h49m51s,17.90,65.10
PT0h49m54s,17.90,65.10
PT0h49m57s,17.90,65.00
PT0h50m0s,17.90,65.00
PT0h50m3s,17.90,65.00
PT0h50m6s,17.90,65.00
PT0h50m9s,17.90,65.00
PT0h50m12s,17.90,65.00
PT0h50m15s,17.90,65.00
PT0h50m18s,17.90,65.10
PT0h50m21s,17.90,65.10
PT0h50m24s,17.90,65.10
PT0h50m27s,17.90,65.10
PT0h50m30s,17.90,65.10
PT0h50m33s,17.90,65.10
PT0h50m36s,17.90,65.10
PT0h50m39s,17.90,65.10
PT0h50m42s,17.90,65.10
PT0h50m45s,17.90,65.10
PT0h50m48s,17.90,65.10
PT0h50m51s,17.90,65.10
PT0h50m54s,17.90,65.10
PT0h50m57s,17.90,65.10
PT0h51m0s,17.90,65.10
PT0h51m3s,17.90,65.10
PT0h51m6s,17.90,65.10
PT0h51m9s,17.90,65.10
PT0h51m12s,17.90,65.10
PT0h51m15s,17.90,65.10
PT0h51m18s,17.90,65.10
PT0h51m21s,17.90,65.00
PT0h51m24s,17.90,65.10
PT0h51m27s,17.90,65.10
PT0h51m30s,17.90,65.10
PT0h51m33s,17.90,65.10
PT0h51m36s,17.90,65.10
PT0h51m39s,17.90,65.10
PT0h51m42s,17.90,65.10
PT0h51m45s,17.90,65.10
PT0h51m48s,17.90,65.10
PT0h51m51s,17.90,65.10
PT0h51m54s,17.90,65.00
PT0h51m57s,17.90,65.10
PT0h52m0s,18.00,65.10
PT0h52m3s,18.00,65.10
PT0h52m6s,17.90,65.10
PT0h52m9s,17.90,65.10
PT0h52m12s,17.90,65.10
PT0h52m15s,17.90,65.00
PT0h52m18s,17.90,65.10
PT0h52m21s,17.90,65.10
PT0h52m24s,17.90,65.10
PT0h52m27s,17.90,65.10
PT0h52m30s,17.90,65.10
PT0h52m33s,17.90,65.10
PT0h52m36s,17.90,65.10
PT0h52m39s,17.90,65.10
PT0h52m42s,17.90,65.10
PT0h52m45s,18.00,65.10
PT0h52m48s,17.90,65.10
PT0h52m51s,17.90,65.10
PT0h52m54s,17.90,65.10
PT0h52m57s,18.00,65.10
PT0h53m0s,17.90,65.00
PT0h53m3s,18.00,65.10
PT0h53m6s,18.00,65.00
PT0h53m9s,17.90,65.00
PT0h53m12s,17.90,65.00
PT0h53m15s,18.00,65.00
PT0h53m18s,18.00,65.10
PT0h53m21s,17.90,65.20
PT0h53m24s,18.00,65.10
PT0h53m27s,18.00,65.10
PT0h53m30s,17.90,65.10
PT0h53m33s,18.00,65.10
PT0h53m36s,18.00,65.00
PT0h53m39s,18.00,65.00
PT0h53m42s,17.90,65.10
PT0h53m45s,18.00,65.10
PT0h53m48s,18.00,65.10
PT0h53m51s,18.00,65.00
PT0h53m54s,18.00,65.00
PT0h53m57s,18.00,65.00
PT0h54m0s,18.00,65.00
PT0h54m3s,18.00,65.00
PT0h54m6s,18.00,65.00
PT0h54m9s,18.00,65.00
PT0h54m12s,18.00,64.90
PT0h54m15s,18.00,65.00
PT0h54m18s,18.00,64.90
PT0h54m21s,18.00,64.90
PT0h54m24s,18.00,64.90
PT0h54m27s,18.00,64.90
PT0h54m30s,18.00,64.90
PT0h54m33s,18.00,64.90
PT0h54m36s,18.00,64.90
PT0h54m39s,18.00,64.90
PT0h54m42s,18.00,64.80
PT0h54m45s,18.00,64.90
PT0h54m48s,18.00,64.80
PT0h54m51s,18.00,64.80
PT0h54m54s,18.00,64.80
PT0h54m57s,18.00,64.80
PT0h55m0s,18.00,64.80
PT0h55m3s,18.00,64.80
PT0h55m6s,18.00,64.80
PT0h55m9s,18.00,64.80
PT0h55m12s,18.00,64.80
PT0h55m15s,18.00,64.80
PT0h55m18s,18.00,64.80
PT0h55m21s,18.00,64.80
PT0h55m24s,18.00,64.80
PT0h55m27s,18.00,64.80
PT0h55m30s,18.00,64.80
PT0h55m33s,18.00,64.80
PT0h55m36s,18.00,64.80
PT0h55m39s,18.00,64.80
PT0h55m42s,18.00,64.80
PT0h55m45s,18.00,64.80
PT0h55m48s,18.00,64.80
PT0h55m51s,18.00,64.80
PT0h55m54s,18.00,64.80
PT0h55m57s,18.00,64.80
PT0h56m0s,18.00,64.80
PT0h56m3s,18.00,64.80
PT0h56m6s,18.10,64.80
PT0h56m9s,18.00,64.80
PT0h56m12s,18.00,64.70
PT0h56m15s,18.10,64.80
PT0h56m18s,18.00,64.70
PT0h56m21s,18.00,64.80
PT0h56m24s,18.00,64.80
PT0h56m27s,18.00,64.80
PT0h56m30s,18.00,64.80
PT0h56m33s,18.00,64.80
PT0h56m36s,18.00,64.80
PT0h56m39s,18.00,64.80
PT0h56m42s,18.00,64.80
PT0h56m45s,18.00,64.80
PT0h56m48s,18.00,64.70
PT0h56m51s,18.10,64.70
PT0h56m54s,18.00,64.70
PT0h56m57s,18.00,64.70
PT0h57m0s,18.10,64.60
PT0h57m3s,18.00,64.70
PT0h57m6s,18.00,64.60
PT0h57m9s,18.00,64.60
PT0h57m12s,18.00,64.60
PT0h57m15s,18.10,64.60
PT0h57m18s,18.10,64.60
PT0h57m21s,18.10,64.60
PT0h57m24s,18.10,64.60
PT0h57m27s,18.10,64.60
PT0h57m30s,18.10,64.70
PT0h57m33s,18.10,64.70
PT0h57m36s,18.10,64.70
PT0h57m39s,18.00,64.70
PT0h57m42s,18.00,64.60
PT0h57m45s,18.10,64.70
PT0h57m48s,18.00,64.60
PT0h57m51s,18.10,64.60
PT0h57m54s,18.10,64.60
PT0h57m57s,18.10,64.60
PT0h58m0s,18.00,64.60
PT0h58m3s,18.10,64.60
PT0h58m6s,18.10,64.60
PT0h58m9s,18.10,64.60
PT0h58m12s,18.10,64.60
PT0h58m15s,18.10,64.60
PT0h58m18s,18.10,64.60
PT0h58m21s,18.10,64.60
PT0h58m24s,18.10,64.60
PT0h58m27s,18.10,64.60
PT0h58m30s,18.10,64.60
PT0h58m33s,18.10,64.60
PT0h58m36s,18.10,64.60
PT0h58m39s,18.10,64.60
PT0h58m42s,18.10,64.60
PT0h58m45s,18.10,64.60
PT0h58m48s,18.10,64.60
PT0h58m51s,18.10,64.60
PT0h58m54s,18.10,64.60
PT0h58m57s,18.10,64.50
PT0h59m0s,18.10,64.50
PT0h59m3s,18.10,64.50
PT0h59m6s,18.10,64.50
PT0h59m9s,18.10,64.50
PT0h59m12s,18.10,64.50
PT0h59m15s,18.10,64.50
PT0h59m18s,18.10,64.50
PT0h59m21s,18.10,64.50
PT0h59m24s,18.10,64.50
PT0h59m27s,18.10,64.60
PT0h59m30s,18.10,64.50
PT0h59m33s,18.10,64.50
PT0h59m36s,18.10,64.60
PT0h59m39s,18.10,64.50
PT0h59m42s,18.10,64.50
PT0h59m45s,18.10,64.50
PT0h59m48s,18.10,64.60
PT0h59m51s,18.10,64.50
PT0h59m54s,18.10,64.60
PT0h59m57s,18.10,64.60
PT1h0m0s,18.10,64.60
PT1h0m3s,18.10,64.60
PT1h0m6s,18.10,64.60
PT1h0m9s,18.10,64.60
PT1h0m12s,18.10,64.60
PT1h0m15s,18.10,64.60
PT1h0m18s,18.10,64.60
PT1h0m21s,18.10,64.60
PT1h0m24s,18.10,64.70
PT1h0m27s,18.10,64.70
PT1h0m30s,18.10,64.70
PT1h0m33s,18.10,64.90
PT1h0m36s,18.10,64.90
PT1h0m39s,18.10,64.90
PT1h0m42s,18.10,64.80
PT1h0m45s,18.10,64.80
PT1h0m48s,18.10,64.80
PT1h0m51s,18.10,64.80
PT1h0m54s,18.10,64.70
PT1h0m57s,18.10,64.70
PT1h1m0s,18.10,64.80
PT1h1m3s,18.10,64.80
PT1h1m6s,18.10,64.80
PT1h1m9s,18.10,64.80
PT1h1m12s,18.10,64.80
PT1h1m15s,18.10,64.90
PT1h1m18s,18.20,64.90
PT1h1m21s,18.10,64.80
PT1h1m24s,18.10,64.80
PT1h1m27s,18.10,64.80
PT1h1m30s,18.10,64.80
PT1h1m33s,18.20,64.80
PT1h1m36s,18.20,64.80
PT1h1m39s,18.20,64.70
PT1h1m42s,18.20,64.70
PT1h1m45s,18.20,64.70
PT1h1m48s,18.10,64.70
PT1h1m51s,18.20,64.70
PT1h1m54s,18.10,64.70
PT1h1m57s,18.20,64.70
PT1h2m0s,18.20,64.70
PT1h2m3s,18.20,64.70
PT1h2m6s,18.20,64.70
PT1h2m9s,18.20,64.60
PT1h2m12s,18.20,64.60
PT1h2m15s,18.20,64.70
PT1h2m18s,18.20,64.60
PT1h2m21s,18.20,64.60
PT1h2m24s,18.20,64.60
PT1h2m27s,18.20,64.60
PT1h2m30s,18.20,64.70
PT1h2m33s,18.20,64.60
PT1h2m36s,18.20,64.60
PT1h2m39s,18.20,64.60
PT1h2m42s,18.20,64.60
PT1h2m45s,18.20,64.50
PT1h2m48s,18.20,64.50
PT1h2m51s,18.20,64.50
PT1h2m54s,18.20,64.50
PT1h2m57s,18.20,64.50
PT1h3m0s,18.20,64.50
PT1h3m3s,18.20,64.50
PT1h3m6s,18.20,64.50
PT1h3m9s,18.20,64.50
PT1h3m12s,18.20,64.50
PT1h3m15s,18.20,64.50
PT1h3m18s,18.20,64.50
PT1h3m21s,18.20,64.50
PT1h3m24s,18.20,64.50
PT1h3m27s,18.20,64.50
PT1h3m30s,18.20,64.40
PT1h3m33s,18.20,64.40
PT1h3m36s,18.20,64.40
PT1h3m39s,18.20,64.40
PT1h3m42s,18.20,64.40
PT1h3m45s,18.20,64.40
PT1h3m48s,18.20,64.60
PT1h3m51s,18.20,64.80
PT1h3m54s,18.20,64.80
PT1h3m57s,18.20,64.70
PT1h4m0s,18.20,64.60
PT1h4m3s,18.20,64.50
PT1h4m6s,18.20,64.60
PT1h4m9s,18.20,64.60
PT1h4m12s,18.20,64.50
PT1h4m15s,18.20,64.50
PT1h4m18s,18.20,64.40
PT1h4m21s,18.20,64.40
PT1h4m24s,18.20,64.40
PT1h4m27s,18.20,64.40
PT1h4m30s,18.20,64.40
PT1h4m33s,18.20,64.30
PT1h4m36s,18.20,64.30
PT1h4m39s,18.20,64.30
PT1h4m42s,18.20,64.30
PT1h4m45s,18.20,64.30
PT1h4m48s,18.20,64.30
PT1h4m51s,18.20,64.30
PT1h4m54s,18.20,64.30
PT1h4m57s,18.20,64.20
PT1h5m0s,18.20,64.30
PT1h5m3s,18.20,64.20
PT1h5m6s,18.20,64.20
PT1h5m9s,18.20,64.20
PT1h5m12s,18.20,64.20
PT1h5m15s,18.20,64.20
PT1h5m18s,18.20,64.20
PT1h5m21s,18.20,64.20
PT1h5m24s,18.20,64.20
PT1h5m27s,18.20,64.20
PT1h5m30s,18.20,64.20
PT1h5m33s,18.20,64.30
PT1h5m36s,18.20,64.30
PT1h5m39s,18.20,64.30
PT1h5m42s,18.20,64.30
PT1h5m45s,18.20,64.30
PT1h5m48s,18.20,64.30
PT1h5m51s,18.20,64.30
PT1h5m54s,18.20,64.30
PT1h5m57s,18.20,64.30
PT1h6m0s,18.20,64.40
PT1h6m3s,18.20,64.40
PT1h6m6s,18.20,64.50
PT1h6m9s,18.20,64.50
PT1h6m12s,18.20,64.60
PT1h6m15s,18.20,64.60
PT1h6m18s,18.20,64.60
PT1h6m21s,18.20,64.70
PT1h6m24s,18.20,64.70
PT1h6m27s,18.20,64.80
PT1h6m30s,18.20,65.20
PT1h6m33s,18.20,65.60
PT1h6m36s,18.20,65.70
PT1h6m39s,18.20,65.60
PT1h6m42s,18.20,65.40
PT1h6m45s,18.20,65.30
PT1h6m48s,18.20,65.20
PT1h6m51s,18.20,65.10
PT1h6m54s,18.20,65.00
PT1h6m57s,18.20,64.90
PT1h7m0s,18.20,64.90
PT1h7m3s,18.20,65.00
PT1h7m6s,18.20,65.00
PT1h7m9s,18.20,65.00
PT1h7m12s,18.20,65.00
PT1h7m15s,18.20,64.90
PT1h7m18s,18.20,64.90
PT1h7m21s,18.20,64.90
PT1h7m24s,18.20,64.90
PT1h7m27s,18.20,64.90
PT1h7m30s,18.20,65.10
PT1h7m33s,18.20,65.20
PT1h7m36s,18.20,65.40
PT1h7m39s,18.20,65.60
PT1h7m42s,18.20,65.50
PT1h7m45s,18.30,65.40
PT1h7m48s,18.30,65.30
PT1h7m51s,18.30,65.10
PT1h7m54s,18.30,65.00
PT1h7m57s,18.30,64.90
PT1h8m0s,18.30,64.90
PT1h8m3s,18.20,64.80
PT1h8m6s,18.30,64.80
PT1h8m9s,18.30,64.70
PT1h8m12s,18.30,64.70
PT1h8m15s,18.30,64.70
PT1h8m18s,18.30,64.70
PT1h8m21s,18.30,64.70
PT1h8m24s,18.30,64.70
PT1h8m27s,18.30,64.60
PT1h8m30s,18.30,64.60
PT1h8m33s,18.30,64.60
PT1h8m36s,18.30,64.50
PT1h8m39s,18.30,64.50
PT1h8m42s,18.30,64.50
PT1h8m45s,18.30,64.40
PT1h8m48s,18.30,64.40
PT1h8m51s,18.30,64.40
PT1h8m54s,18.30,64.40
PT1h8m57s,18.30,64.30
PT1h9m0s,18.30,64.30
PT1h9m3s,18.30,64.30
PT1h9m6s,18.30,64.30
PT1h9m9s,18.30,64.30
PT1h9m12s,18.30,64.20
PT1h9m15s,18.30,64.20
PT1h9m18s,18.30,64.30
PT1h9m21s,18.30,64.20
PT1h9m24s,18.30,64.20
PT1h9m27s,18.30,64.10
PT1h9m30s,18.30,64.20
PT1h9m33s,18.40,64.20
PT1h9m36s,18.40,64.20
PT1h9m39s,18.30,64.10
PT1h9m42s,18.30,64.10
PT1h9m45s,18.40,64.10
PT1h9m48s,18.40,64.10
PT1h9m51s,18.30,64.10
PT1h9m54s,18.30,64.10
PT1h9m57s,18.30,64.10
PT1h10m0s,18.40,64.10
PT1h10m3s,18.40,64.10
PT1h10m6s,18.40,64.10
PT1h10m9s,18.40,64.00
PT1h10m12s,18.30,64.00
PT1h10m15s,18.40,63.90
PT1h10m18s,18.40,63.90
PT1h10m21s,18.40,63.90
PT1h10m24s,18.40,63.90
PT1h10m27s,18.40,63.90
PT1h10m30s,18.40,63.90
PT1h10m33s,18.40,63.90
PT1h10m36s,18.40,63.90
PT1h10m39s,18.40,63.90
PT1h10m42s,18.40,63.90
PT1h10m45s,18.40,63.90
PT1h10m48s,18.40,63.90
PT1h10m51s,18.40,63.90
PT1h10m54s,18.40,63.90
PT1h10m57s,18.40,63.90
PT1h11m0s,18.40,64.00
PT1h11m3s,18.30,63.90
PT1h11m6s,18.40,64.00
PT1h11m9s,18.40,63.90
PT1h11m12s,18.40,64.00
PT1h11m15s,18.40,64.00
PT1h11m18s,18.40,64.00
PT1h11m21s,18.40,64.00
PT1h11m24s,18.40,63.90
PT1h11m27s,18.40,64.00
PT1h11m30s,18.40,64.00
PT1h11m33s,18.40,63.90
PT1h11m36s,18.40,64.00
PT1h11m39s,18.40,63.90
PT1h11m42s,18.40,63.90
PT1h11m45s,18.40,63.90
PT1h11m48s,18.40,63.90
PT1h11m51s,18.40,63.90
PT1h11m54s,18.40,63.90
PT1h11m57s,18.40,63.90
PT1h12m0s,18.40,63.90
PT1h12m3s,18.40,63.90
PT1h12m6s,18.40,63.90
PT1h12m9s,18.40,63.90
PT1h12m12s,18.40,63.90
PT1h12m15s,18.40,63.90
PT1h12m18s,18.40,63.90
PT1h12m21s,18.40,63.90
PT1h12m24s,18.40,63.90
PT1h12m27s,18.40,63.90
PT1h12m30s,18.40,63.80
PT1h12m33s,18.40,63.80
PT1h12m36s,18.40,63.80
PT1h12m39s,18.40,63.80
PT1h12m42s,18.40,63.80
PT1h12m45s,18.40,63.80
PT1h12m48s,18.40,63.90
PT1h12m51s,18.40,63.90
PT1h12m54s,18.40,63.80
PT1h12m57s,18.40,63.90
PT1h13m0s,18.40,63.80
PT1h13m3s,18.40,63.80
PT1h13m6s,18.40,63.80
PT1h13m9s,18.40,63.80
PT1h13m12s,18.40,63.80
PT1h13m15s,18.40,63.80
PT1h13m18s,18.40,63.80
PT1h13m21s,18.40,63.70
PT1h13m24s,18.40,63.70
PT1h13m27s,18.40,63.70
PT1h13m30s,18.40,63.70
PT1h13m33s,18.40,63.70
PT1h13m36s,18.40,63.80
PT1h13m39s,18.40,63.70
PT1h13m42s,18.40,63.80
PT1h13m45s,18.40,63.80
PT1h13m48s,18.40,63.80
PT1h13m51s,18.40,63.80
PT1h13m54s,18.40,63.80
PT1h13m57s,18.40,63.70
PT1h14m0s,18.40,63.70
PT1h14m3s,18.40,63.70
PT1h14m6s,18.40,63.70
PT1h14m9s,18.40,63.70
PT1h14m12s,18.40,63.70
PT1h14m15s,18.40,63.70
PT1h14m18s,18.40,63.80
PT1h14m21s,18.40,63.70
PT1h14m24s,18.40,63.70
PT1h14m27s,18.40,63.70
PT1h14m30s,18.40,63.70
PT1h14m33s,18.40,63.70
PT1h14m36s,18.40,63.70
PT1h14m39s,18.40,63.70
PT1h14m42s,18.40,63.70
PT1h14m45s,18.40,63.70
PT1h14m48s,18.40,63.70
PT1h14m51s,18.40,63.70
PT1h14m54s,18.40,63.80
PT1h14m57s,18.40,63.80
PT1h15m0s,18.40,63.80
PT1h15m3s,18.40,63.90
PT1h15m6s,18.40,63.80
PT1h15m9s,18.40,63.80
PT1h15m12s,18.40,63.80
PT1h15m15s,18.40,63.80
PT1h15m18s,18.40,63.80
PT1h15m21s,18.30,63.80
PT1h15m24s,18.40,63.90
PT1h15m27s,18.30,63.90
PT1h15m30s,18.40,63.90
PT1h15m33s,18.40,63.90
PT1h15m36s,18.40,63.90
PT1h15m39s,18.40,63.90
PT1h15m42s,18.40,63.80
PT1h15m45s,18.40,63.90
PT1h15m48s,18.40,63.80
PT1h15m51s,18.40,63.90
PT1h15m54s,18.40,63.80
PT1h15m57s,18.40,63.80
PT1h16m0s,18.40,63.90
PT1h16m3s,18.40,63.90
PT1h16m6s,18.40,63.80
PT1h16m9s,18.40,63.80
PT1h16m12s,18.40,63.80
PT1h16m15s,18.40,63.80
PT1h16m18s,18.40,63.80
PT1h16m21s,18.40,63.80
PT1h16m24s,18.40,63.80
PT1h16m27s,18.40,63.80
PT1h16m30s,18.40,63.80
PT1h16m33s,18.40,63.70
PT1h16m36s,18.40,63.70
PT1h16m39s,18.40,63.70
PT1h16m42s,18.40,63.70
PT1h16m45s,18.40,63.70
PT1h16m48s,18.40,63.70
PT1h16m51s,18.40,63.80
PT1h16m54s,18.40,63.70
PT1h16m57s,18.40,63.80
PT1h17m0s,18.40,63.80
PT1h17m3s,18.40,63.70
PT1h17m6s,18.40,63.80
PT1h17m9s,18.40,63.70
PT1h17m12s,18.40,63.70
PT1h17m15s,18.40,63.70
PT1h17m18s,18.40,63.70
PT1h17m21s,18.40,63.70
PT1h17m24s,18.40,63.70
PT1h17m27s,18.40,63.70
PT1h17m30s,18.40,63.70
PT1h17m33s,18.40,63.70
PT1h17m36s,18.40,63.70
PT1h17m39s,18.40,63.70
PT1h17m42s,18.40,63.70
PT1h17m45s,18.40,63.70
PT1h17m48s,18.40,63.70
PT1h17m51s,18.40,63.70
PT1h17m54s,18.40,63.70
PT1h17m57s,18.40,63.70
PT1h18m0s,18.40,63.70
PT1h18m3s,18.40,63.60
PT1h18m6s,18.40,63.60
PT1h18m9s,18.40,63.60
PT1h18m12s,18.40,63.70
PT1h18m15s,18.40,63.60
PT1h18m18s,18.40,63.70
PT1h18m21s,18.40,63.70
PT1h18m24s,18.40,63.70
PT1h18m27s,18.40,63.70
PT1h18m30s,18.40,63.70
PT1h18m33s,18.40,63.70
PT1h18m36s,18.40,63.60
PT1h18m39s,18.40,63.60
PT1h18m42s,18.40,63.60
PT1h18m45s,18.40,63.60
PT1h18m48s,18.40,63.60
PT1h18m51s,18.40,63.70
PT1h18m54s,18.40,63.60
PT1h18m57s,18.40,63.60
PT1h19m0s,18.40,63.60
PT1h19m3s,18.40,63.60
PT1h19m6s,18.40,63.60
PT1h19m9s,18.40,63.60
PT1h19m12s,18.40,63.60
PT1h19m15s,18.40,63.60
PT1h19m18s,18.40,63.60
PT1h19m21s,18.40,63.60
PT1h19m24s,18.40,63.60
PT1h19m27s,18.40,63.60
PT1h19m30s,18.40,63.60
PT1h19m33s,18.40,63.60
PT1h19m36s,18.40,63.60
PT1h19m39s,18.40,63.50
PT1h19m42s,18.40,63.60
PT1h19m45s,18.40,63.70
PT1h19m48s,18.40,63.60
PT1h19m51s,18.40,63.60
PT1h19m54s,18.40,63.60
PT1h19m57s,18.40,63.60
PT1h20m0s,18.40,63.70
PT1h20m3s,18.40,63.60
PT1h20m6s,18.40,63.60
PT1h20m9s,18.40,63.60
PT1h20m12s,18.40,63.60
PT1h20m15s,18.40,63.60
PT1h20m18s,18.40,63.60
PT1h20m21s,18.40,63.70
PT1h20m24s,18.40,63.70
PT1h20m27s,18.40,63.70
PT1h20m30s,18.40,63.70
PT1h20m33s,18.40,63.80
PT1h20m36s,18.40,63.80
PT1h20m39s,18.40,63.80
PT1h20m42s,18.40,63.90
PT1h20m45s,18.40,63.90
PT1h20m48s,18.40,63.80
PT1h20m51s,18.40,63.90
PT1h20m54s,18.40,63.90
PT1h20m57s,18.40,63.90
PT1h21m0s,18.40,63.90
PT1h21m3s,18.40,63.90
PT1h21m6s,18.40,63.90
PT1h21m9s,18.40,63.90
PT1h21m12s,18.40,63.90
PT1h21m15s,18.40,63.90
PT1h21m18s,18.40,63.90
PT1h21m21s,18.40,63.90
PT1h21m24s,18.40,64.00
PT1h21m27s,18.40,64.10
PT1h21m30s,18.50,64.10
PT1h21m33s,18.40,64.10
PT1h21m36s,18.40,64.10
PT1h21m39s,18.40,64.10
PT1h21m42s,18.40,64.10
PT1h21m45s,18.40,64.10
PT1h21m48s,18.40,64.10
PT1h21m51s,18.40,64.10
PT1h21m54s,18.40,64.00
PT1h21m57s,18.40,64.10
PT1h22m0s,18.40,64.10
PT1h22m3s,18.50,64.10
PT1h22m6s,18.50,64.10
PT1h22m9s,18.50,64.10
PT1h22m12s,18.50,64.10
PT1h22m15s,18.50,64.10
PT1h22m18s,18.50,64.20
PT1h22m21s,18.50,64.10
PT1h22m24s,18.50,64.10
PT1h22m27s,18.50,64.10
PT1h22m30s,18.40,64.10
PT1h22m33s,18.50,64.10
PT1h22m36s,18.50,64.10
PT1h22m39s,18.50,64.10
PT1h22m42s,18.50,64.20
PT1h22m45s,18.40,64.20
PT1h22m48s,18.50,64.20
PT1h22m51s,18.50,64.20
PT1h22m54s,18.50,64.30
PT1h22m57s,18.50,64.30
PT1h23m0s,18.50,64.30
PT1h23m3s,18.50,64.30
PT1h23m6s,18.40,64.30
PT1h23m9s,18.50,64.30
PT1h23m12s,18.50,64.30
PT1h23m15s,18.50,64.30
PT1h23m18s,18.50,64.30
PT1h23m21s,18.50,64.20
PT1h23m24s,18.40,64.20
PT1h23m27s,18.50,64.20
PT1h23m30s,18.40,64.20
PT1h23m33s,18.40,64.20
PT1h23m36s,18.40,64.30
PT1h23m39s,18.40,64.30
PT1h23m42s,18.50,64.20
PT1h23m45s,18.40,64.30
PT1h23m48s,18.40,64.20
PT1h23m51s,18.40,64.30
PT1h23m54s,18.40,64.30
PT1h23m57s,18.40,64.30
PT1h24m0s,18.50,64.40
PT1h24m3s,18.50,64.40
PT1h24m6s,18.40,64.30
PT1h24m9s,18.50,64.30
PT1h24m12s,18.40,64.40
PT1h24m15s,18.50,64.30
PT1h24m18s,18.40,64.30
PT1h24m21s,18.50,64.30
PT1h24m24s,18.50,64.30
PT1h24m27s,18.40,64.30
PT1h24m30s,18.50,64.40
PT1h24m33s,18.40,64.30
PT1h24m36s,18.40,64.40
PT1h24m39s,18.40,64.40
PT1h24m42s,18.50,64.40
PT1h24m45s,18.50,64.50
PT1h24m48s,18.50,64.40
PT1h24m51s,18.50,64.40
PT1h24m54s,18.40,64.40
PT1h24m57s,18.40,64.40
PT1h25m0s,18.40,64.40
PT1h25m3s,18.40,64.40
PT1h25m6s,18.40,64.30
PT1h25m9s,18.40,64.30
PT1h25m12s,18.50,64.30
PT1h25m15s,18.40,64.30
PT1h25m18s,18.40,64.30
PT1h25m21s,18.40,64.30
PT1h25m24s,18.40,64.30
PT1h25m27s,18.40,64.30
PT1h25m30s,18.40,64.40
PT1h25m33s,18.40,64.30
PT1h25m36s,18.40,64.40
PT1h25m39s,18.40,64.30
PT1h25m42s,18.40,64.40
PT1h25m45s,18.40,64.40
PT1h25m48s,18.40,64.40
PT1h25m51s,18.40,64.40
PT1h25m54s,18.40,64.40
PT1h25m57s,18.40,64.40
PT1h26m0s,18.40,64.40
PT1h26m3s,18.40,64.40
PT1h26m6s,18.40,64.40
PT1h26m9s,18.40,64.40
PT1h26m12s,18.40,64.50
PT1h26m15s,18.40,64.50
PT1h26m18s,18.40,64.60
PT1h26m21s,18.40,64.70
PT1h26m24s,18.40,64.70
PT1h26m27s,18.40,64.70
PT1h26m30s,18.40,64.70
PT1h26m33s,18.40,64.60
PT1h26m36s,18.40,64.60
PT1h26m39s,18.40,64.60
PT1h26m42s,18.40,64.60
PT1h26m45s,18.40,64.60
PT1h26m48s,18.40,64.50
PT1h26m51s,18.40,64.50
PT1h26m54s,18.40,64.60
PT1h26m57s,18.40,64.60
PT1h27m0s,18.40,64.60
PT1h27m3s,18.40,64.60
PT1h27m6s,18.40,64.60
PT1h27m9s,18.40,64.60
PT1h27m12s,18.40,64.70
PT1h27m15s,18.40,64.70
PT1h27m18s,18.40,64.70
PT1h27m21s,18.40,64.70
PT1h27m24s,18.40,64.70
PT1h27m27s,18.40,64.70
PT1h27m30s,18.40,64.80
PT1h27m33s,18.40,64.80
PT1h27m36s,18.40,64.80
PT1h27m39s,18.40,64.70
PT1h27m42s,18.40,64.70
PT1h27m45s,18.40,64.70
PT1h27m48s,18.40,64.70
PT1h27m51s,18.40,64.70
PT1h27m54s,18.40,64.70
PT1h27m57s,18.40,64.70
PT1h28m0s,18.40,64.80
PT1h28m3s,18.40,64.80
PT1h28m6s,18.40,64.80
PT1h28m9s,18.40,64.80
PT1h28m12s,18.40,64.80
PT1h28m15s,18.40,64.80
PT1h28m18s,18.40,64.70
PT1h28m21s,18.40,64.80
PT1h28m24s,18.40,64.70
PT1h28m27s,18.40,64.80
PT1h28m30s,18.40,64.70
PT1h28m33s,18.40,64.70
PT1h28m36s,18.40,64.70
PT1h28m39s,18.40,64.70
PT1h28m42s,18.40,64.70
PT1h28m45s,18.40,64.70
PT1h28m48s,18.40,64.70
PT1h28m51s,18.40,64.70
PT1h28m54s,18.40,64.70
PT1h28m57s,18.40,64.70
PT1h29m0s,18.40,64.70
PT1h29m3s,18.40,64.70
PT1h29m6s,18.40,64.80
PT1h29m9s,18.40,64.80
PT1h29m12s,18.40,64.80
PT1h29m15s,18.40,64.90
PT1h29m18s,18.40,64.80
PT1h29m21s,18.40,64.90
PT1h29m24s,18.40,64.80
PT1h29m27s,18.40,64.80
PT1h29m30s,18.40,64.90
PT1h29m33s,18.40,64.80
PT1h29m36s,18.40,64.80
PT1h29m39s,18.40,64.80
PT1h29m42s,18.40,64.90
PT1h29m45s,18.40,64.90
PT1h29m48s,18.40,64.90
PT1h29m51s,18.40,64.90
PT1h29m54s,18.40,64.90
PT1h29m57s,18.40,64.90
PT1h30m0s,18.40,64.90
PT1h30m3s,18.40,64.90
PT1h30m6s,18.40,64.80
PT1h30m9s,18.40,64.90
PT1h30m12s,18.40,64.90
PT1h30m15s,18.40,64.80
PT1h30m18s,18.40,64.90
PT1h30m21s,18.40,64.90
PT1h30m24s,18.40,64.90
PT1h30m27s,18.40,64.90
PT1h30m30s,18.40,64.90
PT1h30m33s,18.40,64.90
PT1h30m36s,18.40,64.90
PT1h30m39s,18.40,64.90
PT1h30m42s,18.40,64.90
PT1h30m45s,18.40,64.80
PT1h30m48s,18.40,64.90
PT1h30m51s,18.40,64.90
PT1h30m54s,18.40,64.90
PT1h30m57s,18.40,64.90
PT1h31m0s,18.40,64.90
PT1h31m3s,18.40,64.80
PT1h31m6s,18.40,64.90
PT1h31m9s,18.40,64.90
PT1h31m12s,18.40,64.90
PT1h31m15s,18.40,64.80
PT1h31m18s,18.40,64.80
PT1h31m21s,18.40,64.90
PT1h31m24s,18.40,64.80
PT1h31m27s,18.40,64.80
PT1h31m30s,18.40,64.80
PT1h31m33s,18.40,64.80
PT1h31m36s,18.40,64.80
PT1h31m39s,18.40,64.90
PT1h31m42s,18.40,64.90
PT1h31m45s,18.40,64.90
PT1h31m48s,18.40,64.90
PT1h31m51s,18.40,64.90
PT1h31m54s,18.40,64.90
PT1h31m57s,18.40,64.90
PT1h32m0s,18.40,64.90
PT1h32m3s,18.40,64.90
PT1h32m6s,18.40,64.90
PT1h32m9s,18.40,64.90
PT1h32m12s,18.40,64.90
PT1h32m15s,18.40,64.90
PT1h32m18s,18.40,64.90
PT1h32m21s,18.40,64.90
PT1h32m24s,18.40,64.90
PT1h32m27s,18.40,64.90
PT1h32m30s,18.40,64.90
PT1h32m33s,18.40,64.90
PT1h32m36s,18.40,64.80
PT1h32m39s,18.40,64.90
PT1h32m42s,18.40,64.80
PT1h32m45s,18.40,64.80
PT1h32m48s,18.40,64.80
PT1h32m51s,18.40,64.80
PT1h32m54s,18.40,64.80
PT1h32m57s,18.40,64.80
PT1h33m0s,18.40,64.90
PT1h33m3s,18.40,64.90
PT1h33m6s,18.40,64.90
PT1h33m9s,18.40,64.80
PT1h33m12s,18.40,64.80
PT1h33m15s,18.40,64.90
PT1h33m18s,18.40,64.90
PT1h33m21s,18.40,64.90
PT1h33m24s,18.40,64.90
PT1h33m27s,18.40,64.90
PT1h33m30s,18.40,64.90
PT1h33m33s,18.40,64.90
PT1h33m36s,18.40,64.90
PT1h33m39s,18.40,64.90
PT1h33m42s,18.40,64.90
PT1h33m45s,18.40,64.90
PT1h33m48s,18.40,64.90
PT1h33m51s,18.40,64.90
PT1h33m54s,18.40,64.90
PT1h33m57s,18.40,64.90
PT1h34m0s,18.40,64.90
PT1h34m3s,18.40,64.90
PT1h34m6s,18.40,64.90
PT1h34m9s,18.40,64.90
PT1h34m12s,18.50,64.80
PT1h34m15s,18.40,64.80
PT1h34m18s,18.40,64.80
PT1h34m21s,18.40,64.80
PT1h34m24s,18.40,64.80
PT1h34m27s,18.40,64.80
PT1h34m30s,18.40,64.80
PT1h34m33s,18.40,64.80
PT1h34m36s,18.40,64.80
PT1h34m39s,18.50,64.80
PT1h34m42s,18.40,64.80
PT1h34m45s,18.40,64.80
PT1h34m48s,18.40,64.80
PT1h34m51s,18.40,64.80
PT1h34m54s,18.50,64.80
PT1h34m57s,18.40,64.80
PT1h35m0s,18.40,64.80
PT1h35m3s,18.40,64.70
PT1h35m6s,18.40,64.80
PT1h35m9s,18.40,64.80
PT1h35m12s,18.50,64.80
PT1h35m15s,18.40,64.70
PT1h35m18s,18.50,64.70
PT1h35m21s,18.50,64.70
PT1h35m24s,18.50,64.70
PT1h35m27s,18.50,64.70
PT1h35m30s,18.50,64.70
PT1h35m33s,18.50,64.70
PT1h35m36s,18.50,64.70
PT1h35m39s,18.50,64.70
PT1h35m42s,18.50,64.70
PT1h35m45s,18.50,64.70
PT1h35m48s,18.50,64.70
PT1h35m51s,18.50,64.70
PT1h35m54s,18.50,64.70
PT1h35m57s,18.50,64.70
PT1h36m0s,18.50,64.70
PT1h36m3s,18.50,64.70
PT1h36m6s,18.50,64.70
PT1h36m9s,18.50,64.70
PT1h36m12s,18.50,64.70
PT1h36m15s,18.50,64.70
PT1h36m18s,18.50,64.70
PT1h36m21s,18.50,64.70
PT1h36m24s,18.50,64.70
PT1h36m27s,18.50,64.70
PT1h36m30s,18.50,64.70
PT1h36m33s,18.50,64.70
PT1h36m36s,18.50,64.70
PT1h36m39s,18.50,64.70
PT1h36m42s,18.50,64.80
PT1h36m45s,18.50,64.90
PT1h36m48s,18.50,65.00
PT1h36m51s,18.50,64.90
PT1h36m54s,18.50,64.90
PT1h36m57s,18.50,64.80
PT1h37m0s,18.50,64.80
PT1h37m3s,18.50,64.80
PT1h37m6s,18.50,64.70
PT1h37m9s,18.50,64.70
PT1h37m12s,18.50,64.70
PT1h37m15s,18.50,64.70
PT1h37m18s,18.50,64.70
PT1h37m21s,18.50,64.70
PT1h37m24s,18.50,64.70
PT1h37m27s,18.50,64.70
PT1h37m30s,18.50,64.70
PT1h37m33s,18.50,64.60
PT1h37m36s,18.50,64.60
PT1h37m39s,18.50,64.60
PT1h37m42s,18.50,64.60
PT1h37m45s,18.50,64.70
PT1h37m48s,18.50,64.60
PT1h37m51s,18.50,64.70
PT1h37m54s,18.50,64.70
PT1h37m57s,18.50,64.70
PT1h38m0s,18.50,64.60
PT1h38m3s,18.50,64.70
PT1h38m6s,18.50,64.70
PT1h38m9s,18.50,64.70
PT1h38m12s,18.50,64.70
PT1h38m15s,18.50,64.70
PT1h38m18s,18.50,64.70
PT1h38m21s,18.50,64.70
PT1h38m24s,18.50,64.70
PT1h38m27s,18.50,64.70
PT1h38m30s,18.50,64.70
PT1h38m33s,18.50,64.70
PT1h38m36s,18.50,64.70
PT1h38m39s,18.50,64.60
PT1h38m42s,18.50,64.60
PT1h38m45s,18.50,64.60
PT1h38m48s,18.50,64.60
PT1h38m51s,18.50,64.60
PT1h38m54s,18.50,64.60
PT1h38m57s,18.50,64.60
PT1h39m0s,18.50,64.50
PT1h39m3s,18.50,64.60
PT1h39m6s,18.50,64.60
PT1h39m9s,18.50,64.60
PT1h39m12s,18.50,64.60
PT1h39m15s,18.50,64.60
PT1h39m18s,18.50,64.60
PT1h39m21s,18.50,64.60
PT1h39m24s,18.50,64.60
PT1h39m27s,18.50,64.60
PT1h39m30s,18.50,64.60
PT1h39m33s,18.50,64.60
PT1h39m36s,18.50,64.60
PT1h39m39s,18.50,64.60
PT1h39m42s,18.50,64.60
PT1h39m45s,18.50,64.60
PT1h39m48s,18.50,64.60
PT1h39m51s,18.50,64.60
PT1h39m54s,18.50,64.60
PT1h39m57s,18.50,64.60
PT1h40m0s,18.50,64.60
PT1h40m3s,18.50,64.60
PT1h40m6s,18.50,64.60
PT1h40m9s,18.50,64.60
PT1h40m12s,18.50,64.60
PT1h40m15s,18.50,64.60
PT1h40m18s,18.50,64.60
PT1h40m21s,18.50,64.60
PT1h40m24s,18.50,64.60
PT1h40m27s,18.50,64.60
PT1h40m30s,18.50,64.60
PT1h40m33s,18.50,64.60
PT1h40m36s,18.50,64.50
PT1h40m39s,18.50,64.60
PT1h40m42s,18.50,64.60
PT1h40m45s,18.50,64.60
PT1h40m48s,18.50,64.60
PT1h40m51s,18.50,64.60
PT1h40m54s,18.50,64.60
PT1h40m57s,18.50,64.60
PT1h41m0s,18.50,64.60
PT1h41m3s,18.50,64.60
PT1h41m6s,18.50,64.60
PT1h41m9s,18.50,64.60
PT1h41m12s,18.50,64.60
PT1h41m15s,18.50,64.60
PT1h41m18s,18.50,64.60
PT1h41m21s,18.50,64.60
PT1h41m24s,18.50,64.60
PT1h41m27s,18.50,64.60
PT1h41m30s,18.50,64.60
PT1h41m33s,18.50,64.70
PT1h41m36s,18.50,64.80
PT1h41m39s,18.50,64.80
PT1h41m42s,18.50,64.90
PT1h41m45s,18.50,64.90
PT1h41m48s,18.50,64.80
PT1h41m51s,18.50,64.80
PT1h41m54s,18.50,64.80
PT1h41m57s,18.50,64.80
PT1h42m0s,18.50,64.70
PT1h42m3s,18.50,64.70
PT1h42m6s,18.50,64.60
PT1h42m9s,18.50,64.60
PT1h42m12s,18.50,64.60
PT1h42m15s,18.50,64.60
PT1h42m18s,18.50,64.70
PT1h42m21s,18.50,64.70
PT1h42m24s,18.50,64.60
PT1h42m27s,18.40,64.60
PT1h42m30s,18.50,64.60
PT1h42m33s,18.50,64.60
PT1h42m36s,18.50,64.60
PT1h42m39s,18.40,64.60
PT1h42m42s,18.50,64.70
PT1h42m45s,18.40,64.70
PT1h42m48s,18.50,64.70
PT1h42m51s,18.50,64.60
PT1h42m54s,18.50,64.70
PT1h42m57s,18.50,64.60
PT1h43m0s,18.40,64.60
PT1h43m3s,18.50,64.70
PT1h43m6s,18.50,64.70
PT1h43m9s,18.40,64.60
PT1h43m12s,18.50,64.70
PT1h43m15s,18.50,64.70
PT1h43m18s,18.50,64.70
PT1h43m21s,18.50,64.70
PT1h43m24s,18.50,64.70
PT1h43m27s,18.40,64.70
PT1h43m30s,18.40,64.70
PT1h43m33s,18.40,64.70
PT1h43m36s,18.40,64.70
PT1h43m39s,18.40,64.70
PT1h43m42s,18.40,64.70
PT1h43m45s,18.40,64.70
PT1h43m48s,18.40,64.70
PT1h43m51s,18.40,64.70
PT1h43m54s,18.40,64.70
PT1h43m57s,18.50,64.70
